{
  "ABIRoot": {
    "kind": "Root",
    "name": "TopLevel",
    "printedName": "TopLevel",
    "children": [
      {
        "kind": "Import",
        "name": "Foundation",
        "printedName": "Foundation",
        "declKind": "Import",
        "moduleName": "WrappingPaper",
        "declAttributes": [
          "RawDocComment"
        ]
      },
      {
        "kind": "Import",
        "name": "WrappingPaperSPI",
        "printedName": "WrappingPaperSPI",
        "declKind": "Import",
        "moduleName": "WrappingPaper",
        "declAttributes": [
          "ImplementationOnly"
        ]
      },
      {
        "kind": "TypeDecl",
        "name": "SecurityWrapper",
        "printedName": "SecurityWrapper",
        "children": [
          {
            "kind": "Var",
            "name": "kSecCertificatePropertyKeyLabel",
            "printedName": "kSecCertificatePropertyKeyLabel",
            "children": [
              {
                "kind": "TypeNominal",
                "name": "CFString",
                "printedName": "CoreFoundation.CFString",
                "usr": "c:@T@CFStringRef"
              }
            ],
            "declKind": "Var",
            "usr": "c:@M@WrappingPaper@objc(cs)SecurityWrapper(cpy)kSecCertificatePropertyKeyLabel",
            "mangledName": "$s13WrappingPaper15SecurityWrapperC31kSecCertificatePropertyKeyLabelSo11CFStringRefavpZ",
            "moduleName": "WrappingPaper",
            "static": true,
            "declAttributes": [
              "HasInitialValue",
              "Final",
              "HasStorage",
              "AccessControl",
              "ObjC"
            ],
            "isLet": true,
            "hasStorage": true,
            "accessors": [
              {
                "kind": "Accessor",
                "name": "Get",
                "printedName": "Get()",
                "children": [
                  {
                    "kind": "TypeNominal",
                    "name": "CFString",
                    "printedName": "CoreFoundation.CFString",
                    "usr": "c:@T@CFStringRef"
                  }
                ],
                "declKind": "Accessor",
                "usr": "c:@M@WrappingPaper@objc(cs)SecurityWrapper(cm)kSecCertificatePropertyKeyLabel",
                "mangledName": "$s13WrappingPaper15SecurityWrapperC31kSecCertificatePropertyKeyLabelSo11CFStringRefavgZ",
                "moduleName": "WrappingPaper",
                "static": true,
                "implicit": true,
                "declAttributes": [
                  "Final",
                  "ObjC"
                ],
                "accessorKind": "get"
              }
            ]
          },
          {
            "kind": "Var",
            "name": "kSecCertificatePropertyKeyValue",
            "printedName": "kSecCertificatePropertyKeyValue",
            "children": [
              {
                "kind": "TypeNominal",
                "name": "CFString",
                "printedName": "CoreFoundation.CFString",
                "usr": "c:@T@CFStringRef"
              }
            ],
            "declKind": "Var",
            "usr": "c:@M@WrappingPaper@objc(cs)SecurityWrapper(cpy)kSecCertificatePropertyKeyValue",
            "mangledName": "$s13WrappingPaper15SecurityWrapperC31kSecCertificatePropertyKeyValueSo11CFStringRefavpZ",
            "moduleName": "WrappingPaper",
            "static": true,
            "declAttributes": [
              "HasInitialValue",
              "Final",
              "HasStorage",
              "AccessControl",
              "ObjC"
            ],
            "isLet": true,
            "hasStorage": true,
            "accessors": [
              {
                "kind": "Accessor",
                "name": "Get",
                "printedName": "Get()",
                "children": [
                  {
                    "kind": "TypeNominal",
                    "name": "CFString",
                    "printedName": "CoreFoundation.CFString",
                    "usr": "c:@T@CFStringRef"
                  }
                ],
                "declKind": "Accessor",
                "usr": "c:@M@WrappingPaper@objc(cs)SecurityWrapper(cm)kSecCertificatePropertyKeyValue",
                "mangledName": "$s13WrappingPaper15SecurityWrapperC31kSecCertificatePropertyKeyValueSo11CFStringRefavgZ",
                "moduleName": "WrappingPaper",
                "static": true,
                "implicit": true,
                "declAttributes": [
                  "Final",
                  "ObjC"
                ],
                "accessorKind": "get"
              }
            ]
          },
          {
            "kind": "Var",
            "name": "kSecCertificatePropertyTypeURL",
            "printedName": "kSecCertificatePropertyTypeURL",
            "children": [
              {
                "kind": "TypeNominal",
                "name": "CFString",
                "printedName": "CoreFoundation.CFString",
                "usr": "c:@T@CFStringRef"
              }
            ],
            "declKind": "Var",
            "usr": "c:@M@WrappingPaper@objc(cs)SecurityWrapper(cpy)kSecCertificatePropertyTypeURL",
            "mangledName": "$s13WrappingPaper15SecurityWrapperC30kSecCertificatePropertyTypeURLSo11CFStringRefavpZ",
            "moduleName": "WrappingPaper",
            "static": true,
            "declAttributes": [
              "HasInitialValue",
              "Final",
              "HasStorage",
              "AccessControl",
              "ObjC"
            ],
            "isLet": true,
            "hasStorage": true,
            "accessors": [
              {
                "kind": "Accessor",
                "name": "Get",
                "printedName": "Get()",
                "children": [
                  {
                    "kind": "TypeNominal",
                    "name": "CFString",
                    "printedName": "CoreFoundation.CFString",
                    "usr": "c:@T@CFStringRef"
                  }
                ],
                "declKind": "Accessor",
                "usr": "c:@M@WrappingPaper@objc(cs)SecurityWrapper(cm)kSecCertificatePropertyTypeURL",
                "mangledName": "$s13WrappingPaper15SecurityWrapperC30kSecCertificatePropertyTypeURLSo11CFStringRefavgZ",
                "moduleName": "WrappingPaper",
                "static": true,
                "implicit": true,
                "declAttributes": [
                  "Final",
                  "ObjC"
                ],
                "accessorKind": "get"
              }
            ]
          },
          {
            "kind": "Function",
            "name": "copyProperties",
            "printedName": "copyProperties(_:)",
            "children": [
              {
                "kind": "TypeNominal",
                "name": "CFArray",
                "printedName": "CoreFoundation.CFArray",
                "usr": "c:@T@CFArrayRef"
              },
              {
                "kind": "TypeNominal",
                "name": "SecCertificate",
                "printedName": "Security.SecCertificate",
                "usr": "c:@T@SecCertificateRef"
              }
            ],
            "declKind": "Func",
            "usr": "c:@M@WrappingPaper@objc(cs)SecurityWrapper(cm)copyCertificateProperties:",
            "mangledName": "$s13WrappingPaper15SecurityWrapperC14copyPropertiesySo10CFArrayRefaSo014SecCertificateH0aFZ",
            "moduleName": "WrappingPaper",
            "static": true,
            "objc_name": "copyCertificateProperties:",
            "declAttributes": [
              "Final",
              "AccessControl",
              "ObjC"
            ],
            "funcSelfKind": "NonMutating"
          },
          {
            "kind": "Function",
            "name": "notValidAfter",
            "printedName": "notValidAfter(_:)",
            "children": [
              {
                "kind": "TypeNominal",
                "name": "Double",
                "printedName": "Swift.Double",
                "usr": "s:Sd"
              },
              {
                "kind": "TypeNominal",
                "name": "SecCertificate",
                "printedName": "Security.SecCertificate",
                "usr": "c:@T@SecCertificateRef"
              }
            ],
            "declKind": "Func",
            "usr": "c:@M@WrappingPaper@objc(cs)SecurityWrapper(cm)certificateNotValidAfter:",
            "mangledName": "$s13WrappingPaper15SecurityWrapperC13notValidAfterySdSo17SecCertificateRefaFZ",
            "moduleName": "WrappingPaper",
            "static": true,
            "objc_name": "certificateNotValidAfter:",
            "declAttributes": [
              "Final",
              "AccessControl",
              "ObjC"
            ],
            "funcSelfKind": "NonMutating"
          },
          {
            "kind": "Function",
            "name": "isCA",
            "printedName": "isCA(_:)",
            "children": [
              {
                "kind": "TypeNominal",
                "name": "Bool",
                "printedName": "Swift.Bool",
                "usr": "s:Sb"
              },
              {
                "kind": "TypeNominal",
                "name": "SecCertificate",
                "printedName": "Security.SecCertificate",
                "usr": "c:@T@SecCertificateRef"
              }
            ],
            "declKind": "Func",
            "usr": "c:@M@WrappingPaper@objc(cs)SecurityWrapper(cm)certificateIsCA:",
            "mangledName": "$s13WrappingPaper15SecurityWrapperC4isCAySbSo17SecCertificateRefaFZ",
            "moduleName": "WrappingPaper",
            "static": true,
            "objc_name": "certificateIsCA:",
            "declAttributes": [
              "Final",
              "AccessControl",
              "ObjC"
            ],
            "funcSelfKind": "NonMutating"
          },
          {
            "kind": "Constructor",
            "name": "init",
            "printedName": "init()",
            "children": [
              {
                "kind": "TypeNominal",
                "name": "SecurityWrapper",
                "printedName": "WrappingPaper.SecurityWrapper",
                "usr": "c:@M@WrappingPaper@objc(cs)SecurityWrapper"
              }
            ],
            "declKind": "Constructor",
            "usr": "c:@M@WrappingPaper@objc(cs)SecurityWrapper(im)init",
            "mangledName": "$s13WrappingPaper15SecurityWrapperCACycfc",
            "moduleName": "WrappingPaper",
            "overriding": true,
            "implicit": true,
            "objc_name": "init",
            "declAttributes": [
              "Dynamic",
              "ObjC",
              "Override"
            ],
            "init_kind": "Designated"
          }
        ],
        "declKind": "Class",
        "usr": "c:@M@WrappingPaper@objc(cs)SecurityWrapper",
        "mangledName": "$s13WrappingPaper15SecurityWrapperC",
        "moduleName": "WrappingPaper",
        "declAttributes": [
          "AccessControl",
          "ObjC"
        ],
        "superclassUsr": "c:objc(cs)NSObject",
        "inheritsConvenienceInitializers": true,
        "superclassNames": [
          "ObjectiveC.NSObject"
        ],
        "conformances": [
          {
            "kind": "Conformance",
            "name": "_KeyValueCodingAndObservingPublishing",
            "printedName": "_KeyValueCodingAndObservingPublishing",
            "usr": "s:10Foundation37_KeyValueCodingAndObservingPublishingP",
            "mangledName": "$s10Foundation37_KeyValueCodingAndObservingPublishingP"
          },
          {
            "kind": "Conformance",
            "name": "_KeyValueCodingAndObserving",
            "printedName": "_KeyValueCodingAndObserving",
            "usr": "s:10Foundation27_KeyValueCodingAndObservingP",
            "mangledName": "$s10Foundation27_KeyValueCodingAndObservingP"
          },
          {
            "kind": "Conformance",
            "name": "CustomStringConvertible",
            "printedName": "CustomStringConvertible",
            "usr": "s:s23CustomStringConvertibleP",
            "mangledName": "$ss23CustomStringConvertibleP"
          },
          {
            "kind": "Conformance",
            "name": "CustomDebugStringConvertible",
            "printedName": "CustomDebugStringConvertible",
            "usr": "s:s28CustomDebugStringConvertibleP",
            "mangledName": "$ss28CustomDebugStringConvertibleP"
          },
          {
            "kind": "Conformance",
            "name": "_KeyValueCodingAndObservingSequence",
            "printedName": "_KeyValueCodingAndObservingSequence",
            "usr": "s:10Foundation35_KeyValueCodingAndObservingSequenceP",
            "mangledName": "$s10Foundation35_KeyValueCodingAndObservingSequenceP"
          },
          {
            "kind": "Conformance",
            "name": "Equatable",
            "printedName": "Equatable",
            "usr": "s:SQ",
            "mangledName": "$sSQ"
          },
          {
            "kind": "Conformance",
            "name": "Hashable",
            "printedName": "Hashable",
            "usr": "s:SH",
            "mangledName": "$sSH"
          },
          {
            "kind": "Conformance",
            "name": "CVarArg",
            "printedName": "CVarArg",
            "usr": "s:s7CVarArgP",
            "mangledName": "$ss7CVarArgP"
          }
        ]
      },
      {
        "kind": "Import",
        "name": "Combine",
        "printedName": "Combine",
        "declKind": "Import",
        "moduleName": "WrappingPaper",
        "declAttributes": [
          "RawDocComment"
        ]
      },
      {
        "kind": "Import",
        "name": "Foundation",
        "printedName": "Foundation",
        "declKind": "Import",
        "moduleName": "WrappingPaper"
      },
      {
        "kind": "Import",
        "name": "WrappingPaperSPI",
        "printedName": "WrappingPaperSPI",
        "declKind": "Import",
        "moduleName": "WrappingPaper",
        "declAttributes": [
          "ImplementationOnly"
        ]
      },
      {
        "kind": "TypeDecl",
        "name": "SysdiagnoseManager",
        "printedName": "SysdiagnoseManager",
        "children": [
          {
            "kind": "Constructor",
            "name": "init",
            "printedName": "init()",
            "children": [
              {
                "kind": "TypeNominal",
                "name": "SysdiagnoseManager",
                "printedName": "WrappingPaper.SysdiagnoseManager",
                "usr": "c:@M@WrappingPaper@objc(cs)SysdiagnoseManager"
              }
            ],
            "declKind": "Constructor",
            "usr": "c:@M@WrappingPaper@objc(cs)SysdiagnoseManager(im)init",
            "mangledName": "$s13WrappingPaper18SysdiagnoseManagerCACycfc",
            "moduleName": "WrappingPaper",
            "overriding": true,
            "objc_name": "init",
            "declAttributes": [
              "Dynamic",
              "ObjC",
              "Override",
              "AccessControl"
            ],
            "init_kind": "Designated"
          },
          {
            "kind": "Function",
            "name": "startSysdiagnose",
            "printedName": "startSysdiagnose(outputPath:archiveName:progressHandler:)",
            "children": [
              {
                "kind": "TypeNominal",
                "name": "Void",
                "printedName": "()"
              },
              {
                "kind": "TypeNominal",
                "name": "String",
                "printedName": "Swift.String",
                "usr": "s:SS"
              },
              {
                "kind": "TypeNominal",
                "name": "String",
                "printedName": "Swift.String",
                "usr": "s:SS"
              },
              {
                "kind": "TypeNominal",
                "name": "Optional",
                "printedName": "(([Swift.AnyHashable : Any]?) -> ())?",
                "children": [
                  {
                    "kind": "TypeFunc",
                    "name": "Function",
                    "printedName": "([Swift.AnyHashable : Any]?) -> ()",
                    "children": [
                      {
                        "kind": "TypeNominal",
                        "name": "Void",
                        "printedName": "()"
                      },
                      {
                        "kind": "TypeNominal",
                        "name": "Optional",
                        "printedName": "[Swift.AnyHashable : Any]?",
                        "children": [
                          {
                            "kind": "TypeNominal",
                            "name": "Dictionary",
                            "printedName": "[Swift.AnyHashable : Any]",
                            "children": [
                              {
                                "kind": "TypeNominal",
                                "name": "AnyHashable",
                                "printedName": "Swift.AnyHashable",
                                "usr": "s:s11AnyHashableV"
                              },
                              {
                                "kind": "TypeNominal",
                                "name": "ProtocolComposition",
                                "printedName": "Any"
                              }
                            ],
                            "usr": "s:SD"
                          }
                        ],
                        "usr": "s:Sq"
                      }
                    ]
                  }
                ],
                "hasDefaultArg": true,
                "usr": "s:Sq"
              }
            ],
            "declKind": "Func",
            "usr": "c:@M@WrappingPaper@objc(cs)SysdiagnoseManager(im)startSysdiagnoseWithOutputPath:archiveName:error:progressHandler:",
            "mangledName": "$s13WrappingPaper18SysdiagnoseManagerC05startC010outputPath11archiveName15progressHandlerySS_SSySDys11AnyHashableVypGSgcSgtKF",
            "moduleName": "WrappingPaper",
            "objc_name": "startSysdiagnoseWithOutputPath:archiveName:error:progressHandler:",
            "declAttributes": [
              "AccessControl",
              "ObjC"
            ],
            "throwing": true,
            "funcSelfKind": "NonMutating"
          },
          {
            "kind": "Function",
            "name": "cancelActiveSysdiagnose",
            "printedName": "cancelActiveSysdiagnose()",
            "children": [
              {
                "kind": "TypeNominal",
                "name": "Void",
                "printedName": "()"
              }
            ],
            "declKind": "Func",
            "usr": "c:@M@WrappingPaper@objc(cs)SysdiagnoseManager(cm)cancelActiveSysdiagnoseAndReturnError:",
            "mangledName": "$s13WrappingPaper18SysdiagnoseManagerC012cancelActiveC0yyKFZ",
            "moduleName": "WrappingPaper",
            "static": true,
            "objc_name": "cancelActiveSysdiagnoseAndReturnError:",
            "declAttributes": [
              "Final",
              "AccessControl",
              "ObjC"
            ],
            "throwing": true,
            "funcSelfKind": "NonMutating"
          }
        ],
        "declKind": "Class",
        "usr": "c:@M@WrappingPaper@objc(cs)SysdiagnoseManager",
        "mangledName": "$s13WrappingPaper18SysdiagnoseManagerC",
        "moduleName": "WrappingPaper",
        "declAttributes": [
          "AccessControl",
          "ObjC"
        ],
        "superclassUsr": "c:objc(cs)NSObject",
        "inheritsConvenienceInitializers": true,
        "superclassNames": [
          "ObjectiveC.NSObject"
        ],
        "conformances": [
          {
            "kind": "Conformance",
            "name": "_KeyValueCodingAndObservingPublishing",
            "printedName": "_KeyValueCodingAndObservingPublishing",
            "usr": "s:10Foundation37_KeyValueCodingAndObservingPublishingP",
            "mangledName": "$s10Foundation37_KeyValueCodingAndObservingPublishingP"
          },
          {
            "kind": "Conformance",
            "name": "_KeyValueCodingAndObserving",
            "printedName": "_KeyValueCodingAndObserving",
            "usr": "s:10Foundation27_KeyValueCodingAndObservingP",
            "mangledName": "$s10Foundation27_KeyValueCodingAndObservingP"
          },
          {
            "kind": "Conformance",
            "name": "CustomStringConvertible",
            "printedName": "CustomStringConvertible",
            "usr": "s:s23CustomStringConvertibleP",
            "mangledName": "$ss23CustomStringConvertibleP"
          },
          {
            "kind": "Conformance",
            "name": "CustomDebugStringConvertible",
            "printedName": "CustomDebugStringConvertible",
            "usr": "s:s28CustomDebugStringConvertibleP",
            "mangledName": "$ss28CustomDebugStringConvertibleP"
          },
          {
            "kind": "Conformance",
            "name": "_KeyValueCodingAndObservingSequence",
            "printedName": "_KeyValueCodingAndObservingSequence",
            "usr": "s:10Foundation35_KeyValueCodingAndObservingSequenceP",
            "mangledName": "$s10Foundation35_KeyValueCodingAndObservingSequenceP"
          },
          {
            "kind": "Conformance",
            "name": "Equatable",
            "printedName": "Equatable",
            "usr": "s:SQ",
            "mangledName": "$sSQ"
          },
          {
            "kind": "Conformance",
            "name": "Hashable",
            "printedName": "Hashable",
            "usr": "s:SH",
            "mangledName": "$sSH"
          },
          {
            "kind": "Conformance",
            "name": "CVarArg",
            "printedName": "CVarArg",
            "usr": "s:s7CVarArgP",
            "mangledName": "$ss7CVarArgP"
          }
        ]
      }
    ],
    "json_format_version": 8
  },
  "ConstValues": [
    {
      "filePath": "\/Users\/iwankerl\/src\/Windward\/WrappingPaper\/WrappingPaper\/Sysdiagnose.swift",
      "kind": "StringLiteral",
      "offset": 345,
      "length": 42,
      "value": "\"com.apple.sysdiagnose.sysdiagnoseStarted\""
    },
    {
      "filePath": "\/Users\/iwankerl\/src\/Windward\/WrappingPaper\/WrappingPaper\/Sysdiagnose.swift",
      "kind": "StringLiteral",
      "offset": 442,
      "length": 42,
      "value": "\"com.apple.sysdiagnose.sysdiagnoseStopped\""
    },
    {
      "filePath": "\/Users\/iwankerl\/src\/Windward\/WrappingPaper\/WrappingPaper\/Sysdiagnose.swift",
      "kind": "StringLiteral",
      "offset": 851,
      "length": 67,
      "value": "\"DEMODISCOVERYTRIAGE: dumping \"Sysdiagnose.started\" notification\""
    },
    {
      "filePath": "\/Users\/iwankerl\/src\/Windward\/WrappingPaper\/WrappingPaper\/Sysdiagnose.swift",
      "kind": "StringLiteral",
      "offset": 1138,
      "length": 67,
      "value": "\"DEMODISCOVERYTRIAGE: dumping \"Sysdiagnose.stopped\" notification\""
    },
    {
      "filePath": "\/Users\/iwankerl\/src\/Windward\/WrappingPaper\/WrappingPaper\/Sysdiagnose.swift",
      "kind": "StringLiteral",
      "offset": 1577,
      "length": 15,
      "value": "\"baseDirectory\""
    },
    {
      "filePath": "\/Users\/iwankerl\/src\/Windward\/WrappingPaper\/WrappingPaper\/Sysdiagnose.swift",
      "kind": "StringLiteral",
      "offset": 1623,
      "length": 13,
      "value": "\"archiveName\""
    },
    {
      "filePath": "\/Users\/iwankerl\/src\/Windward\/WrappingPaper\/WrappingPaper\/Sysdiagnose.swift",
      "kind": "StringLiteral",
      "offset": 1666,
      "length": 54,
      "value": "\"DEMODISCOVERYTRIAGE: Sysdiagnose Options: \""
    },
    {
      "filePath": "\/Users\/iwankerl\/src\/Windward\/WrappingPaper\/WrappingPaper\/Sysdiagnose.swift",
      "kind": "StringLiteral",
      "offset": 1719,
      "length": 2,
      "value": "\"\""
    }
  ]
}