{
  "useStepperText" : false,
  "pickerSelections" : [

  ],
  "destinationViewTitle" : "",
  "orientation" : "",
  "rangeStart" : 0,
  "tabTitle" : "",
  "buttonViews" : [

  ],
  "disabled" : false,
  "alertInfo" : {
    "secondaryButtonViewData" : [

    ],
    "secondaryActions" : [

    ],
    "titleViewData" : [

    ],
    "messageViewData" : [

    ],
    "primaryActions" : [

    ],
    "primaryButtonViewData" : [

    ]
  },
  "editBeganActions" : [

  ],
  "sliderKey" : "",
  "horizontalAlignment" : "",
  "stepperContent" : {
    "stepperText" : "",
    "decimalPlaces" : 0,
    "stepperKey" : ""
  },
  "spacing" : 20,
  "baselineOffset" : 0,
  "onCommitActions" : [

  ],
  "minSpacerLength" : 0,
  "keyboard" : "",
  "shadow" : {
    "color" : {
      "blue" : 0,
      "red" : 0,
      "useRGB" : false,
      "colorName" : "",
      "green" : 0
    },
    "offset" : {
      "x" : 0,
      "y" : 0
    },
    "radius" : 0
  },
  "showsIndicators" : false,
  "verticalAlignment" : "",
  "padding" : {
    "trailing" : 0,
    "top" : 0,
    "leading" : 0,
    "allAroundPadding" : 0,
    "bottom" : 0
  },
  "font" : {
    "fontName" : "",
    "fontDescriptorName" : "",
    "fontWeight" : "",
    "fontSize" : -1
  },
  "accessibilityInfo" : {

  },
  "systemImage" : "",
  "toggleLabels" : [

  ],
  "sliderLabels" : [

  ],
  "tracking" : 0,
  "buttonStyle" : "",
  "webURL" : "",
  "name" : "",
  "italicize" : false,
  "width" : -1,
  "sliderMinLabels" : [

  ],
  "rangeEnd" : 1,
  "pickerLabels" : [

  ],
  "destinations" : [

  ],
  "zAlignment" : "",
  "siteName" : "",
  "actions" : [

  ],
  "lineLimit" : -1,
  "navigationBarTitle" : "",
  "radius" : 20,
  "relativeWidth" : -1,
  "resizable" : false,
  "views" : [
    {
      "useStepperText" : false,
      "pickerSelections" : [

      ],
      "destinationViewTitle" : "",
      "orientation" : "",
      "rangeStart" : 0,
      "tabTitle" : "",
      "buttonViews" : [

      ],
      "disabled" : false,
      "alertInfo" : {
        "secondaryButtonViewData" : [

        ],
        "secondaryActions" : [

        ],
        "titleViewData" : [

        ],
        "messageViewData" : [

        ],
        "primaryActions" : [

        ],
        "primaryButtonViewData" : [

        ]
      },
      "editBeganActions" : [

      ],
      "sliderKey" : "",
      "horizontalAlignment" : "",
      "stepperContent" : {
        "stepperText" : "",
        "decimalPlaces" : 0,
        "stepperKey" : ""
      },
      "spacing" : 8,
      "baselineOffset" : 0,
      "onCommitActions" : [

      ],
      "minSpacerLength" : 0,
      "keyboard" : "",
      "shadow" : {
        "color" : {
          "blue" : 0,
          "red" : 0,
          "useRGB" : false,
          "colorName" : "",
          "green" : 0
        },
        "offset" : {
          "x" : 0,
          "y" : 0
        },
        "radius" : 0
      },
      "showsIndicators" : false,
      "verticalAlignment" : "",
      "padding" : {
        "trailing" : 0,
        "top" : 0,
        "leading" : 0,
        "allAroundPadding" : 0,
        "bottom" : 0
      },
      "font" : {
        "fontName" : "",
        "fontDescriptorName" : "",
        "fontWeight" : "",
        "fontSize" : -1
      },
      "accessibilityInfo" : {

      },
      "systemImage" : "",
      "toggleLabels" : [

      ],
      "sliderLabels" : [

      ],
      "tracking" : 0,
      "buttonStyle" : "",
      "webURL" : "",
      "name" : "Compare_Headline.ddcmp",
      "italicize" : false,
      "width" : -1,
      "sliderMinLabels" : [

      ],
      "rangeEnd" : 1,
      "pickerLabels" : [

      ],
      "destinations" : [

      ],
      "zAlignment" : "",
      "siteName" : "",
      "actions" : [

      ],
      "lineLimit" : -1,
      "navigationBarTitle" : "",
      "radius" : 8,
      "relativeWidth" : -1,
      "resizable" : false,
      "views" : [

      ],
      "showAlert" : false,
      "viewTypeName" : "",
      "isVisible" : "true",
      "sliderContent" : {
        "decimalPlaces" : 0,
        "sliderKey" : "",
        "sliderText" : ""
      },
      "stroke" : {
        "blue" : 0,
        "red" : 0,
        "useRGB" : false,
        "colorName" : "",
        "green" : 0
      },
      "underlineColor" : {
        "blue" : 0,
        "red" : 0,
        "useRGB" : false,
        "colorName" : "",
        "green" : 0
      },
      "sliderMaxLabels" : [

      ],
      "strikethroughColor" : {
        "blue" : 0,
        "red" : 0,
        "useRGB" : false,
        "colorName" : "",
        "green" : 0
      },
      "antialiased" : false,
      "showSheet" : false,
      "cornerRadius" : 0,
      "renderingMode" : "",
      "offset" : {
        "x" : 0,
        "y" : 20
      },
      "strokeWidth" : 1,
      "stepperKey" : "",
      "tabImage" : "",
      "navigationBarTitleDisplayMode" : "",
      "imageScale" : "",
      "toggleKey" : "",
      "kerning" : 0,
      "relativeHeight" : -1,
      "useDateText" : false,
      "content" : "YourPhoneCompare",
      "viewType" : "view",
      "useStrikethrough" : false,
      "scrollDirection" : "",
      "alignment" : "",
      "dateText" : {
        "dateFormat" : "MMM d, yyyy h:mm a",
        "pickerKey" : ""
      },
      "color" : {
        "blue" : 0,
        "red" : 0,
        "useRGB" : false,
        "colorName" : "",
        "green" : 0
      },
      "useUnderline" : false,
      "interpolation" : "",
      "sheetviews" : [

      ],
      "navigationLinks" : [

      ],
      "dateComponents" : [

      ],
      "contentMode" : "",
      "pickerKey" : "",
      "editEndedActions" : [

      ],
      "height" : -1,
      "useSliderText" : false,
      "step" : -1
    },
    {
      "useStepperText" : false,
      "pickerSelections" : [

      ],
      "destinationViewTitle" : "",
      "orientation" : "",
      "rangeStart" : 0,
      "tabTitle" : "",
      "buttonViews" : [

      ],
      "disabled" : false,
      "alertInfo" : {
        "secondaryButtonViewData" : [

        ],
        "secondaryActions" : [

        ],
        "titleViewData" : [

        ],
        "messageViewData" : [

        ],
        "primaryActions" : [

        ],
        "primaryButtonViewData" : [

        ]
      },
      "editBeganActions" : [

      ],
      "sliderKey" : "",
      "horizontalAlignment" : "",
      "stepperContent" : {
        "stepperText" : "",
        "decimalPlaces" : 0,
        "stepperKey" : ""
      },
      "spacing" : 8,
      "baselineOffset" : 0,
      "onCommitActions" : [

      ],
      "minSpacerLength" : 0,
      "keyboard" : "",
      "shadow" : {
        "color" : {
          "blue" : 0,
          "red" : 0,
          "useRGB" : false,
          "colorName" : "",
          "green" : 0
        },
        "offset" : {
          "x" : 0,
          "y" : 0
        },
        "radius" : 0
      },
      "showsIndicators" : false,
      "verticalAlignment" : "",
      "padding" : {
        "trailing" : 0,
        "top" : 0,
        "leading" : 0,
        "allAroundPadding" : 0,
        "bottom" : 0
      },
      "font" : {
        "fontName" : "",
        "fontDescriptorName" : "",
        "fontWeight" : "",
        "fontSize" : -1
      },
      "accessibilityInfo" : {

      },
      "systemImage" : "",
      "toggleLabels" : [

      ],
      "sliderLabels" : [

      ],
      "tracking" : 0,
      "buttonStyle" : "",
      "webURL" : "",
      "name" : "",
      "italicize" : false,
      "width" : -1,
      "sliderMinLabels" : [

      ],
      "rangeEnd" : 1,
      "pickerLabels" : [

      ],
      "destinations" : [

      ],
      "zAlignment" : "",
      "siteName" : "",
      "actions" : [

      ],
      "lineLimit" : -1,
      "navigationBarTitle" : "",
      "radius" : 8,
      "relativeWidth" : -1,
      "resizable" : false,
      "views" : [

      ],
      "showAlert" : false,
      "viewTypeName" : "",
      "isVisible" : "true",
      "sliderContent" : {
        "decimalPlaces" : 0,
        "sliderKey" : "",
        "sliderText" : ""
      },
      "stroke" : {
        "blue" : 0,
        "red" : 0,
        "useRGB" : false,
        "colorName" : "",
        "green" : 0
      },
      "underlineColor" : {
        "blue" : 0,
        "red" : 0,
        "useRGB" : false,
        "colorName" : "",
        "green" : 0
      },
      "sliderMaxLabels" : [

      ],
      "strikethroughColor" : {
        "blue" : 0,
        "red" : 0,
        "useRGB" : false,
        "colorName" : "",
        "green" : 0
      },
      "antialiased" : false,
      "showSheet" : false,
      "cornerRadius" : 0,
      "renderingMode" : "",
      "offset" : {
        "x" : 0,
        "y" : 0
      },
      "strokeWidth" : 1,
      "stepperKey" : "",
      "tabImage" : "",
      "navigationBarTitleDisplayMode" : "",
      "imageScale" : "",
      "toggleKey" : "",
      "kerning" : 0,
      "relativeHeight" : -1,
      "useDateText" : false,
      "content" : "",
      "viewType" : "spacer",
      "useStrikethrough" : false,
      "scrollDirection" : "",
      "alignment" : "",
      "dateText" : {
        "dateFormat" : "MMM d, yyyy h:mm a",
        "pickerKey" : ""
      },
      "color" : {
        "blue" : 0,
        "red" : 0,
        "useRGB" : false,
        "colorName" : "",
        "green" : 0
      },
      "useUnderline" : false,
      "interpolation" : "",
      "sheetviews" : [

      ],
      "navigationLinks" : [

      ],
      "dateComponents" : [

      ],
      "contentMode" : "",
      "pickerKey" : "",
      "editEndedActions" : [

      ],
      "height" : 100,
      "useSliderText" : false,
      "step" : -1
    },
    {
      "useStepperText" : false,
      "pickerSelections" : [

      ],
      "destinationViewTitle" : "",
      "orientation" : "",
      "rangeStart" : 0,
      "tabTitle" : "",
      "buttonViews" : [

      ],
      "disabled" : false,
      "alertInfo" : {
        "secondaryButtonViewData" : [

        ],
        "secondaryActions" : [

        ],
        "titleViewData" : [

        ],
        "messageViewData" : [

        ],
        "primaryActions" : [

        ],
        "primaryButtonViewData" : [

        ]
      },
      "editBeganActions" : [

      ],
      "sliderKey" : "",
      "horizontalAlignment" : "",
      "stepperContent" : {
        "stepperText" : "",
        "decimalPlaces" : 0,
        "stepperKey" : ""
      },
      "spacing" : 40,
      "baselineOffset" : 0,
      "onCommitActions" : [

      ],
      "minSpacerLength" : 0,
      "keyboard" : "",
      "shadow" : {
        "color" : {
          "blue" : 0,
          "red" : 0,
          "useRGB" : false,
          "colorName" : "",
          "green" : 0
        },
        "offset" : {
          "x" : 0,
          "y" : 0
        },
        "radius" : 0
      },
      "showsIndicators" : false,
      "verticalAlignment" : "",
      "padding" : {
        "trailing" : 0,
        "top" : 0,
        "leading" : 0,
        "allAroundPadding" : 0,
        "bottom" : 0
      },
      "font" : {
        "fontName" : "",
        "fontDescriptorName" : "",
        "fontWeight" : "",
        "fontSize" : -1
      },
      "accessibilityInfo" : {

      },
      "systemImage" : "",
      "toggleLabels" : [

      ],
      "sliderLabels" : [

      ],
      "tracking" : 0,
      "buttonStyle" : "",
      "webURL" : "",
      "name" : "",
      "italicize" : false,
      "width" : -1,
      "sliderMinLabels" : [

      ],
      "rangeEnd" : 1,
      "pickerLabels" : [

      ],
      "destinations" : [

      ],
      "zAlignment" : "",
      "siteName" : "",
      "actions" : [

      ],
      "lineLimit" : -1,
      "navigationBarTitle" : "",
      "radius" : 8,
      "relativeWidth" : -1,
      "resizable" : false,
      "views" : [
        {
          "useStepperText" : false,
          "pickerSelections" : [

          ],
          "destinationViewTitle" : "",
          "orientation" : "",
          "rangeStart" : 0,
          "tabTitle" : "",
          "buttonViews" : [

          ],
          "disabled" : false,
          "alertInfo" : {
            "secondaryButtonViewData" : [

            ],
            "secondaryActions" : [

            ],
            "titleViewData" : [

            ],
            "messageViewData" : [

            ],
            "primaryActions" : [

            ],
            "primaryButtonViewData" : [

            ]
          },
          "editBeganActions" : [

          ],
          "sliderKey" : "",
          "horizontalAlignment" : "",
          "stepperContent" : {
            "stepperText" : "",
            "decimalPlaces" : 0,
            "stepperKey" : ""
          },
          "spacing" : 8,
          "baselineOffset" : 0,
          "onCommitActions" : [

          ],
          "minSpacerLength" : 0,
          "keyboard" : "",
          "shadow" : {
            "color" : {
              "blue" : 0,
              "red" : 0,
              "useRGB" : false,
              "colorName" : "",
              "green" : 0
            },
            "offset" : {
              "x" : 0,
              "y" : 0
            },
            "radius" : 0
          },
          "showsIndicators" : false,
          "verticalAlignment" : "",
          "padding" : {
            "trailing" : 0,
            "top" : 0,
            "leading" : 0,
            "allAroundPadding" : 0,
            "bottom" : 0
          },
          "font" : {
            "fontName" : "",
            "fontDescriptorName" : "",
            "fontWeight" : "",
            "fontSize" : -1
          },
          "accessibilityInfo" : {

          },
          "systemImage" : "",
          "toggleLabels" : [

          ],
          "sliderLabels" : [

          ],
          "tracking" : 0,
          "buttonStyle" : "",
          "webURL" : "",
          "name" : "iPhone11Compare.ddcmp",
          "italicize" : false,
          "width" : -1,
          "sliderMinLabels" : [

          ],
          "rangeEnd" : 1,
          "pickerLabels" : [

          ],
          "destinations" : [

          ],
          "zAlignment" : "",
          "siteName" : "",
          "actions" : [

          ],
          "lineLimit" : -1,
          "navigationBarTitle" : "",
          "radius" : 8,
          "relativeWidth" : -1,
          "resizable" : false,
          "views" : [

          ],
          "showAlert" : false,
          "viewTypeName" : "",
          "isVisible" : "true",
          "sliderContent" : {
            "decimalPlaces" : 0,
            "sliderKey" : "",
            "sliderText" : ""
          },
          "stroke" : {
            "blue" : 0,
            "red" : 0,
            "useRGB" : false,
            "colorName" : "",
            "green" : 0
          },
          "underlineColor" : {
            "blue" : 0,
            "red" : 0,
            "useRGB" : false,
            "colorName" : "",
            "green" : 0
          },
          "sliderMaxLabels" : [

          ],
          "strikethroughColor" : {
            "blue" : 0,
            "red" : 0,
            "useRGB" : false,
            "colorName" : "",
            "green" : 0
          },
          "antialiased" : false,
          "showSheet" : false,
          "cornerRadius" : 0,
          "renderingMode" : "",
          "offset" : {
            "x" : 0,
            "y" : 8
          },
          "strokeWidth" : 1,
          "stepperKey" : "",
          "tabImage" : "",
          "navigationBarTitleDisplayMode" : "",
          "imageScale" : "",
          "toggleKey" : "",
          "kerning" : 0,
          "relativeHeight" : -1,
          "useDateText" : false,
          "content" : "",
          "viewType" : "view",
          "useStrikethrough" : false,
          "scrollDirection" : "",
          "alignment" : "",
          "dateText" : {
            "dateFormat" : "MMM d, yyyy h:mm a",
            "pickerKey" : ""
          },
          "color" : {
            "blue" : 0,
            "red" : 0,
            "useRGB" : false,
            "colorName" : "",
            "green" : 0
          },
          "useUnderline" : false,
          "interpolation" : "",
          "sheetviews" : [

          ],
          "navigationLinks" : [

          ],
          "dateComponents" : [

          ],
          "contentMode" : "",
          "pickerKey" : "",
          "editEndedActions" : [

          ],
          "height" : -1,
          "useSliderText" : false,
          "step" : -1
        },
        {
          "useStepperText" : false,
          "pickerSelections" : [

          ],
          "destinationViewTitle" : "",
          "orientation" : "",
          "rangeStart" : 0,
          "tabTitle" : "",
          "buttonViews" : [

          ],
          "disabled" : false,
          "alertInfo" : {
            "secondaryButtonViewData" : [

            ],
            "secondaryActions" : [

            ],
            "titleViewData" : [

            ],
            "messageViewData" : [

            ],
            "primaryActions" : [

            ],
            "primaryButtonViewData" : [

            ]
          },
          "editBeganActions" : [

          ],
          "sliderKey" : "",
          "horizontalAlignment" : "",
          "stepperContent" : {
            "stepperText" : "",
            "decimalPlaces" : 0,
            "stepperKey" : ""
          },
          "spacing" : 8,
          "baselineOffset" : 0,
          "onCommitActions" : [

          ],
          "minSpacerLength" : 0,
          "keyboard" : "",
          "shadow" : {
            "color" : {
              "blue" : 0,
              "red" : 0,
              "useRGB" : false,
              "colorName" : "",
              "green" : 0
            },
            "offset" : {
              "x" : 0,
              "y" : 0
            },
            "radius" : 0
          },
          "showsIndicators" : false,
          "verticalAlignment" : "",
          "padding" : {
            "trailing" : 0,
            "top" : 0,
            "leading" : 0,
            "allAroundPadding" : 0,
            "bottom" : 0
          },
          "font" : {
            "fontName" : "",
            "fontDescriptorName" : "",
            "fontWeight" : "",
            "fontSize" : -1
          },
          "accessibilityInfo" : {

          },
          "systemImage" : "",
          "toggleLabels" : [

          ],
          "sliderLabels" : [

          ],
          "tracking" : 0,
          "buttonStyle" : "",
          "webURL" : "",
          "name" : "YourPhoneCompare.ddcmp",
          "italicize" : false,
          "width" : -1,
          "sliderMinLabels" : [

          ],
          "rangeEnd" : 1,
          "pickerLabels" : [

          ],
          "destinations" : [

          ],
          "zAlignment" : "",
          "siteName" : "",
          "actions" : [

          ],
          "lineLimit" : -1,
          "navigationBarTitle" : "",
          "radius" : 8,
          "relativeWidth" : -1,
          "resizable" : false,
          "views" : [

          ],
          "showAlert" : false,
          "viewTypeName" : "",
          "isVisible" : "true",
          "sliderContent" : {
            "decimalPlaces" : 0,
            "sliderKey" : "",
            "sliderText" : ""
          },
          "stroke" : {
            "blue" : 0,
            "red" : 0,
            "useRGB" : false,
            "colorName" : "",
            "green" : 0
          },
          "underlineColor" : {
            "blue" : 0,
            "red" : 0,
            "useRGB" : false,
            "colorName" : "",
            "green" : 0
          },
          "sliderMaxLabels" : [

          ],
          "strikethroughColor" : {
            "blue" : 0,
            "red" : 0,
            "useRGB" : false,
            "colorName" : "",
            "green" : 0
          },
          "antialiased" : false,
          "showSheet" : false,
          "cornerRadius" : 0,
          "renderingMode" : "",
          "offset" : {
            "x" : 0,
            "y" : 0
          },
          "strokeWidth" : 1,
          "stepperKey" : "",
          "tabImage" : "",
          "navigationBarTitleDisplayMode" : "",
          "imageScale" : "",
          "toggleKey" : "",
          "kerning" : 0,
          "relativeHeight" : -1,
          "useDateText" : false,
          "content" : "",
          "viewType" : "view",
          "useStrikethrough" : false,
          "scrollDirection" : "",
          "alignment" : "",
          "dateText" : {
            "dateFormat" : "MMM d, yyyy h:mm a",
            "pickerKey" : ""
          },
          "color" : {
            "blue" : 0,
            "red" : 0,
            "useRGB" : false,
            "colorName" : "",
            "green" : 0
          },
          "useUnderline" : false,
          "interpolation" : "",
          "sheetviews" : [

          ],
          "navigationLinks" : [

          ],
          "dateComponents" : [

          ],
          "contentMode" : "",
          "pickerKey" : "",
          "editEndedActions" : [

          ],
          "height" : -1,
          "useSliderText" : false,
          "step" : -1
        }
      ],
      "showAlert" : false,
      "viewTypeName" : "",
      "isVisible" : "true",
      "sliderContent" : {
        "decimalPlaces" : 0,
        "sliderKey" : "",
        "sliderText" : ""
      },
      "stroke" : {
        "blue" : 0,
        "red" : 0,
        "useRGB" : false,
        "colorName" : "",
        "green" : 0
      },
      "underlineColor" : {
        "blue" : 0,
        "red" : 0,
        "useRGB" : false,
        "colorName" : "",
        "green" : 0
      },
      "sliderMaxLabels" : [

      ],
      "strikethroughColor" : {
        "blue" : 0,
        "red" : 0,
        "useRGB" : false,
        "colorName" : "",
        "green" : 0
      },
      "antialiased" : false,
      "showSheet" : false,
      "cornerRadius" : 0,
      "renderingMode" : "",
      "offset" : {
        "x" : 0,
        "y" : 0
      },
      "strokeWidth" : 1,
      "stepperKey" : "",
      "tabImage" : "",
      "navigationBarTitleDisplayMode" : "",
      "imageScale" : "",
      "toggleKey" : "",
      "kerning" : 0,
      "relativeHeight" : -1,
      "useDateText" : false,
      "content" : "",
      "viewType" : "hstack",
      "useStrikethrough" : false,
      "scrollDirection" : "",
      "alignment" : "",
      "dateText" : {
        "dateFormat" : "MMM d, yyyy h:mm a",
        "pickerKey" : ""
      },
      "color" : {
        "blue" : 0,
        "red" : 0,
        "useRGB" : false,
        "colorName" : "",
        "green" : 0
      },
      "useUnderline" : false,
      "interpolation" : "",
      "sheetviews" : [

      ],
      "navigationLinks" : [

      ],
      "dateComponents" : [

      ],
      "contentMode" : "",
      "pickerKey" : "",
      "editEndedActions" : [

      ],
      "height" : -1,
      "useSliderText" : false,
      "step" : -1
    },
    {
      "useStepperText" : false,
      "pickerSelections" : [

      ],
      "destinationViewTitle" : "",
      "orientation" : "",
      "rangeStart" : 0,
      "tabTitle" : "",
      "buttonViews" : [

      ],
      "disabled" : false,
      "alertInfo" : {
        "secondaryButtonViewData" : [

        ],
        "secondaryActions" : [

        ],
        "titleViewData" : [

        ],
        "messageViewData" : [

        ],
        "primaryActions" : [

        ],
        "primaryButtonViewData" : [

        ]
      },
      "editBeganActions" : [

      ],
      "sliderKey" : "",
      "horizontalAlignment" : "",
      "stepperContent" : {
        "stepperText" : "",
        "decimalPlaces" : 0,
        "stepperKey" : ""
      },
      "spacing" : 8,
      "baselineOffset" : 0,
      "onCommitActions" : [

      ],
      "minSpacerLength" : 0,
      "keyboard" : "",
      "shadow" : {
        "color" : {
          "blue" : 0,
          "red" : 0,
          "useRGB" : false,
          "colorName" : "",
          "green" : 0
        },
        "offset" : {
          "x" : 0,
          "y" : 0
        },
        "radius" : 0
      },
      "showsIndicators" : false,
      "verticalAlignment" : "",
      "padding" : {
        "trailing" : 0,
        "top" : 0,
        "leading" : 0,
        "allAroundPadding" : 0,
        "bottom" : 0
      },
      "font" : {
        "fontName" : "",
        "fontDescriptorName" : "",
        "fontWeight" : "",
        "fontSize" : -1
      },
      "accessibilityInfo" : {

      },
      "systemImage" : "",
      "toggleLabels" : [

      ],
      "sliderLabels" : [

      ],
      "tracking" : 0,
      "buttonStyle" : "",
      "webURL" : "",
      "name" : "",
      "italicize" : false,
      "width" : -1,
      "sliderMinLabels" : [

      ],
      "rangeEnd" : 1,
      "pickerLabels" : [

      ],
      "destinations" : [

      ],
      "zAlignment" : "",
      "siteName" : "",
      "actions" : [

      ],
      "lineLimit" : -1,
      "navigationBarTitle" : "",
      "radius" : 8,
      "relativeWidth" : -1,
      "resizable" : false,
      "views" : [

      ],
      "showAlert" : false,
      "viewTypeName" : "",
      "isVisible" : "true",
      "sliderContent" : {
        "decimalPlaces" : 0,
        "sliderKey" : "",
        "sliderText" : ""
      },
      "stroke" : {
        "blue" : 0,
        "red" : 0,
        "useRGB" : false,
        "colorName" : "",
        "green" : 0
      },
      "underlineColor" : {
        "blue" : 0,
        "red" : 0,
        "useRGB" : false,
        "colorName" : "",
        "green" : 0
      },
      "sliderMaxLabels" : [

      ],
      "strikethroughColor" : {
        "blue" : 0,
        "red" : 0,
        "useRGB" : false,
        "colorName" : "",
        "green" : 0
      },
      "antialiased" : false,
      "showSheet" : false,
      "cornerRadius" : 0,
      "renderingMode" : "",
      "offset" : {
        "x" : 0,
        "y" : 0
      },
      "strokeWidth" : 1,
      "stepperKey" : "",
      "tabImage" : "",
      "navigationBarTitleDisplayMode" : "",
      "imageScale" : "",
      "toggleKey" : "",
      "kerning" : 0,
      "relativeHeight" : -1,
      "useDateText" : false,
      "content" : "",
      "viewType" : "spacer",
      "useStrikethrough" : false,
      "scrollDirection" : "",
      "alignment" : "",
      "dateText" : {
        "dateFormat" : "MMM d, yyyy h:mm a",
        "pickerKey" : ""
      },
      "color" : {
        "blue" : 0,
        "red" : 0,
        "useRGB" : false,
        "colorName" : "",
        "green" : 0
      },
      "useUnderline" : false,
      "interpolation" : "",
      "sheetviews" : [

      ],
      "navigationLinks" : [

      ],
      "dateComponents" : [

      ],
      "contentMode" : "",
      "pickerKey" : "",
      "editEndedActions" : [

      ],
      "height" : -1,
      "useSliderText" : false,
      "step" : -1
    },
    {
      "useStepperText" : false,
      "pickerSelections" : [

      ],
      "destinationViewTitle" : "",
      "orientation" : "",
      "rangeStart" : 0,
      "tabTitle" : "",
      "buttonViews" : [

      ],
      "disabled" : false,
      "alertInfo" : {
        "secondaryButtonViewData" : [

        ],
        "secondaryActions" : [

        ],
        "titleViewData" : [

        ],
        "messageViewData" : [

        ],
        "primaryActions" : [

        ],
        "primaryButtonViewData" : [

        ]
      },
      "editBeganActions" : [

      ],
      "sliderKey" : "",
      "horizontalAlignment" : "",
      "stepperContent" : {
        "stepperText" : "",
        "decimalPlaces" : 0,
        "stepperKey" : ""
      },
      "spacing" : 8,
      "baselineOffset" : 0,
      "onCommitActions" : [

      ],
      "minSpacerLength" : 0,
      "keyboard" : "",
      "shadow" : {
        "color" : {
          "blue" : 0,
          "red" : 0,
          "useRGB" : false,
          "colorName" : "",
          "green" : 0
        },
        "offset" : {
          "x" : 0,
          "y" : 0
        },
        "radius" : 0
      },
      "showsIndicators" : false,
      "verticalAlignment" : "",
      "padding" : {
        "trailing" : 0,
        "top" : 0,
        "leading" : 0,
        "allAroundPadding" : 0,
        "bottom" : 0
      },
      "font" : {
        "fontName" : "",
        "fontDescriptorName" : "",
        "fontWeight" : "",
        "fontSize" : -1
      },
      "accessibilityInfo" : {

      },
      "systemImage" : "",
      "toggleLabels" : [

      ],
      "sliderLabels" : [

      ],
      "tracking" : 0,
      "buttonStyle" : "",
      "webURL" : "",
      "name" : "UnsureModelButton.ddcmp",
      "italicize" : false,
      "width" : -1,
      "sliderMinLabels" : [

      ],
      "rangeEnd" : 1,
      "pickerLabels" : [

      ],
      "destinations" : [

      ],
      "zAlignment" : "",
      "siteName" : "",
      "actions" : [

      ],
      "lineLimit" : -1,
      "navigationBarTitle" : "",
      "radius" : 8,
      "relativeWidth" : -1,
      "resizable" : false,
      "views" : [

      ],
      "showAlert" : false,
      "viewTypeName" : "",
      "isVisible" : "true",
      "sliderContent" : {
        "decimalPlaces" : 0,
        "sliderKey" : "",
        "sliderText" : ""
      },
      "stroke" : {
        "blue" : 0,
        "red" : 0,
        "useRGB" : false,
        "colorName" : "",
        "green" : 0
      },
      "underlineColor" : {
        "blue" : 0,
        "red" : 0,
        "useRGB" : false,
        "colorName" : "",
        "green" : 0
      },
      "sliderMaxLabels" : [

      ],
      "strikethroughColor" : {
        "blue" : 0,
        "red" : 0,
        "useRGB" : false,
        "colorName" : "",
        "green" : 0
      },
      "antialiased" : false,
      "showSheet" : false,
      "cornerRadius" : 0,
      "renderingMode" : "",
      "offset" : {
        "x" : 0,
        "y" : 0
      },
      "strokeWidth" : 1,
      "stepperKey" : "",
      "tabImage" : "",
      "navigationBarTitleDisplayMode" : "",
      "imageScale" : "",
      "toggleKey" : "",
      "kerning" : 0,
      "relativeHeight" : -1,
      "useDateText" : false,
      "content" : "",
      "viewType" : "view",
      "useStrikethrough" : false,
      "scrollDirection" : "",
      "alignment" : "",
      "dateText" : {
        "dateFormat" : "MMM d, yyyy h:mm a",
        "pickerKey" : ""
      },
      "color" : {
        "blue" : 0,
        "red" : 0,
        "useRGB" : false,
        "colorName" : "",
        "green" : 0
      },
      "useUnderline" : false,
      "interpolation" : "",
      "sheetviews" : [

      ],
      "navigationLinks" : [

      ],
      "dateComponents" : [

      ],
      "contentMode" : "",
      "pickerKey" : "",
      "editEndedActions" : [

      ],
      "height" : -1,
      "useSliderText" : false,
      "step" : -1
    },
    {
      "useStepperText" : false,
      "pickerSelections" : [

      ],
      "destinationViewTitle" : "",
      "orientation" : "",
      "rangeStart" : 0,
      "tabTitle" : "",
      "buttonViews" : [

      ],
      "disabled" : false,
      "alertInfo" : {
        "secondaryButtonViewData" : [

        ],
        "secondaryActions" : [

        ],
        "titleViewData" : [

        ],
        "messageViewData" : [

        ],
        "primaryActions" : [

        ],
        "primaryButtonViewData" : [

        ]
      },
      "editBeganActions" : [

      ],
      "sliderKey" : "",
      "horizontalAlignment" : "",
      "stepperContent" : {
        "stepperText" : "",
        "decimalPlaces" : 0,
        "stepperKey" : ""
      },
      "spacing" : 8,
      "baselineOffset" : 0,
      "onCommitActions" : [

      ],
      "minSpacerLength" : 0,
      "keyboard" : "",
      "shadow" : {
        "color" : {
          "blue" : 0,
          "red" : 0,
          "useRGB" : false,
          "colorName" : "",
          "green" : 0
        },
        "offset" : {
          "x" : 0,
          "y" : 0
        },
        "radius" : 0
      },
      "showsIndicators" : false,
      "verticalAlignment" : "",
      "padding" : {
        "trailing" : 0,
        "top" : 0,
        "leading" : 0,
        "allAroundPadding" : 0,
        "bottom" : 0
      },
      "font" : {
        "fontName" : "",
        "fontDescriptorName" : "",
        "fontWeight" : "",
        "fontSize" : -1
      },
      "accessibilityInfo" : {

      },
      "systemImage" : "",
      "toggleLabels" : [

      ],
      "sliderLabels" : [

      ],
      "tracking" : 0,
      "buttonStyle" : "",
      "webURL" : "",
      "name" : "",
      "italicize" : false,
      "width" : -1,
      "sliderMinLabels" : [

      ],
      "rangeEnd" : 1,
      "pickerLabels" : [

      ],
      "destinations" : [

      ],
      "zAlignment" : "",
      "siteName" : "",
      "actions" : [

      ],
      "lineLimit" : -1,
      "navigationBarTitle" : "",
      "radius" : 8,
      "relativeWidth" : -1,
      "resizable" : false,
      "views" : [

      ],
      "showAlert" : false,
      "viewTypeName" : "",
      "isVisible" : "true",
      "sliderContent" : {
        "decimalPlaces" : 0,
        "sliderKey" : "",
        "sliderText" : ""
      },
      "stroke" : {
        "blue" : 0,
        "red" : 0,
        "useRGB" : false,
        "colorName" : "",
        "green" : 0
      },
      "underlineColor" : {
        "blue" : 0,
        "red" : 0,
        "useRGB" : false,
        "colorName" : "",
        "green" : 0
      },
      "sliderMaxLabels" : [

      ],
      "strikethroughColor" : {
        "blue" : 0,
        "red" : 0,
        "useRGB" : false,
        "colorName" : "",
        "green" : 0
      },
      "antialiased" : false,
      "showSheet" : false,
      "cornerRadius" : 0,
      "renderingMode" : "",
      "offset" : {
        "x" : 0,
        "y" : 0
      },
      "strokeWidth" : 1,
      "stepperKey" : "",
      "tabImage" : "",
      "navigationBarTitleDisplayMode" : "",
      "imageScale" : "",
      "toggleKey" : "",
      "kerning" : 0,
      "relativeHeight" : -1,
      "useDateText" : false,
      "content" : "",
      "viewType" : "spacer",
      "useStrikethrough" : false,
      "scrollDirection" : "",
      "alignment" : "",
      "dateText" : {
        "dateFormat" : "MMM d, yyyy h:mm a",
        "pickerKey" : ""
      },
      "color" : {
        "blue" : 0,
        "red" : 0,
        "useRGB" : false,
        "colorName" : "",
        "green" : 0
      },
      "useUnderline" : false,
      "interpolation" : "",
      "sheetviews" : [

      ],
      "navigationLinks" : [

      ],
      "dateComponents" : [

      ],
      "contentMode" : "",
      "pickerKey" : "",
      "editEndedActions" : [

      ],
      "height" : 48,
      "useSliderText" : false,
      "step" : -1
    }
  ],
  "showAlert" : false,
  "viewTypeName" : "",
  "isVisible" : "true",
  "sliderContent" : {
    "decimalPlaces" : 0,
    "sliderKey" : "",
    "sliderText" : ""
  },
  "stroke" : {
    "blue" : 0,
    "red" : 0,
    "useRGB" : false,
    "colorName" : "",
    "green" : 0
  },
  "underlineColor" : {
    "blue" : 0,
    "red" : 0,
    "useRGB" : false,
    "colorName" : "",
    "green" : 0
  },
  "sliderMaxLabels" : [

  ],
  "strikethroughColor" : {
    "blue" : 0,
    "red" : 0,
    "useRGB" : false,
    "colorName" : "",
    "green" : 0
  },
  "antialiased" : false,
  "showSheet" : false,
  "cornerRadius" : 0,
  "renderingMode" : "",
  "offset" : {
    "x" : 0,
    "y" : 0
  },
  "strokeWidth" : 1,
  "stepperKey" : "",
  "tabImage" : "",
  "navigationBarTitleDisplayMode" : "",
  "imageScale" : "",
  "toggleKey" : "",
  "kerning" : 0,
  "relativeHeight" : -1,
  "useDateText" : false,
  "content" : "",
  "viewType" : "vstack",
  "useStrikethrough" : false,
  "scrollDirection" : "",
  "alignment" : "",
  "dateText" : {
    "dateFormat" : "MMM d, yyyy h:mm a",
    "pickerKey" : ""
  },
  "color" : {
    "blue" : 0,
    "red" : 0,
    "useRGB" : false,
    "colorName" : "",
    "green" : 0
  },
  "useUnderline" : false,
  "interpolation" : "",
  "sheetviews" : [

  ],
  "navigationLinks" : [

  ],
  "dateComponents" : [

  ],
  "contentMode" : "",
  "pickerKey" : "",
  "editEndedActions" : [

  ],
  "height" : -1,
  "useSliderText" : false,
  "step" : -1
}