{
    "DDA.Accessories.Title": "Accessories",

    "DDA.Admin.About": "About",
    "DDA.Admin.General": "General",
    "DDA.Admin.General.AppVersion": "Version",
    "DDA.Admin.General.DockID": "Dock ID",
    "DDA.Admin.General.LastCheckedIn": "Last Checked In",
    "DDA.Admin.General.PackageID": "Package ID",
    "DDA.Admin.General.PackageName": "Package Name",
    "DDA.Admin.General.PackageLastUpdated": "Package Last Updated",
    "DDA.Admin.General.PricingLastUpdated": "Explore Last Updated",
    "DDA.Admin.General.ReleaseNotes": "Release Notes",
    "DDA.Admin.General.SystemSection": "Device",
    "DDA.Admin.General.SerialNumber": "Serial Number",
    "DDA.Admin.General.Model": "Model",
    "DDA.Admin.General.SoftwareVersion": "Software Version",
    "DDA.Admin.General.TimeZone": "Time Zone",
    "DDA.Admin.General.VideoInstallDate": "Video Install Date",
    
    "DDA.Admin.Health": "Health",
    "DDA.Admin.Health.BatteryLevel": "Battery Level",
    "DDA.Admin.Health.BatteryLevel.Unknown": "Unknown",
    "DDA.Admin.Health.Connected": "Connected",
    "DDA.Admin.Health.ConnectedToNetwork": "Connected to Network",
    "DDA.Admin.Health.ConnectedToServer": "Connected to Server",
    "DDA.Admin.Health.DeviceState": "Device State",
	"DDA.Admin.Health.DeviceSecurity": "Device Security",
	"DDA.Admin.Health.DeviceSecurity.Alert.Title": "Device Security",
    "DDA.Admin.Health.Disabled": "Disabled",
    "DDA.Admin.Health.Enabled": "Enabled",
    "DDA.Admin.Health.LocationServices": "Location Services",
    "DDA.Admin.Health.LocationServices.AXHint": "Opens Settings app.",
    "DDA.Admin.Health.Locked": "Locked",
    "DDA.Admin.Health.NotConnected": "Not Connected",
    "DDA.Admin.Health.Unlocked": "Unlocked",
    
    "DDA.Admin.QuickView": "Quick View",
    
    "DDA.AppleConnectFailAlert.Message": "Check network connectivity and try again.",
    "DDA.AppleConnectFailAlert.Title": "Login Failed",
    "DDA.Authenticate.ButtonTitle": "Authenticate…",
    "DDA.AuthenticationFailAlert.Message": "You are not authorized to log in to this application.",
    "DDA.AuthenticationFailAlert.Title": "Authentication Failed",
    "DDA.Avenue.Title": "Avenue",
    "DDA.AX.Annoucement.DemoContentInstalledSuccessfully": "Demo Content Installed Successfully",
    "DDA.AX.Annoucement.DownloadingDemoContent": "Downloading Demo Content",
    "DDA.AX.PackagePreview.RemoveDemoContent": "Remove Demo Content",
    "DDA.AX.PackagePreview.RemovePreview": "Remove Preview",
    "DDA.BundleType.Title": "Package Type",
    "DDA.Cancel.Title": "Cancel",
    "DDA.Certficate.Required": "Certificates Required",
    "DDA.Certificate.InstallAndTrust": "The following certificate is required to run the app:\n",
    "DDA.ConfigFetchFail.Key": "Configuration fetch failed",
    "DDA.Confirm.Title": "Confirm",
    "DDA.ConfirmReconfigure.Title": "Are you sure you want to reconfigure Explore?",
    "DDA.Content.NoContentInstalled": "No Demo Content Installed",
    "DDA.Content.Title": "Content",
    "DDA.Continue.Title": "Continue",
    "DDA.Countries.Title": "Countries or Regions",
    "DDA.DeviceLock.Message": "To configure with Plano ensure this device is unlocked in RDM.\n\nFor support:\nRetail Demo Manager (RDM) Enrollment & Configuration (PR6775)\nExplore App Configuration Guide (PR38626)",
    "DDA.Done.Title": "Done",
    "DDA.Download.Error.Message": "The file failed to download. Please try again.",
    "DDA.Download.Error.MessageWithError": "The file failed to download. Please try again.\n\nError: %@",
    "DDA.Download.Error.Title": "Download Error",
    "DDA.Download.Error.TitleWithColon": "Download Error:",
    "DDA.DownloadingDemoContent": "Downloading Demo Content",
    "DDA.DownloadingPackage.Title": "Downloading Package",
    "DDA.DownloadingVideos.Title": "Downloading Videos",
    "DDA.Error.Description.DockNotConnected": "Please connect a dock or cable and try again.",
    "DDA.Error.Description.FileHashMismatch": "File hash signatures do not match.",
    "DDA.Error.Description.NoProductModelIdentifier": "No content found for this device.",
    "DDA.Error.Description.NoProductSet": "You must sync to a product set with Plano app.",
    "DDA.Error.Description.NoSerialNumber": "No content found for this device serial number.",
    "DDA.Error.Description.NoStore": "You must choose a store to continue.",
    "DDA.Error.Description.NotFoundSurrogateDeviceType": "Device type for videos not found.",
    "DDA.Error.Description.NoVideoPublished": "No videos have been published for this store and PMID.",
    "DDA.Error.Description.Unknown": "An unknown error has occurred.",
    "DDA.Error.Title": "Error",
	"DDA.Content.DeviceSecurity.Enable": "Enable",
	"DDA.Content.DeviceSecurity.EnableWarning.Message": "This action will enable Device Security and the device will lock if an approved Wi-Fi network isn't available or Beacons aren’t discoverable.\nAre you sure you want to do this?",
	"DDA.Content.DeviceSecurity.Disable": "Disable",
	"DDA.Content.DeviceSecurity.DisableWarning.Message": "This action will disable Device Security and the device will not lock if an approved Wi-Fi network isn’t available and Beacons aren’t discoverable.\nAre you sure you want to do this?",
	"DDA.Content.DeviceSecurity.Title": "Device Security",
    "DDA.General.Title": "General",
    "DDA.ExitASAM.Title": "Exit ASAM",
    "DDA.HeroProduct.Title": "Hero Product",
    "DDA.Install.ButtonTitle": "Install",
    "DDA.Location.Status.Allowed": "Allowed",
    "DDA.Location.Status.AllowWhenInUse": "Allow When In Use",
    "DDA.Location.Status.AlwaysAllow": "Always Allow",
    "DDA.Location.Status.Denied": "Denied",
    "DDA.Location.Status.NotDetermined": "Not Determined",
    "DDA.Location.Status.Restricted": "Restricted",
    "DDA.Location.Status.Unknown": "Unknown",
    "DDA.LockScreenMessage.NoStore": "Please return to \nApple",
    "DDA.LockScreenMessage": "Please return to\nApple %@",
    "DDA.NoCountryConfigured.Title": "No Country or Region Configured",
    "DDA.OK.Title": "OK",
    "DDA.OtherSources.Title": "Other Sources",
    "DDA.Yes.Title": "Yes",
    "DDA.No.Title": "No",
    "DDA.Package.Title": "Package",
    "DDA.PackagePreview.Accessories": "Accessories",
    "DDA.PackagePreview.Avenue": "Avenue",
    "DDA.PackagePreview.BadSettingsFile": "Incompatible Preview Settings File",
    "DDA.PackagePreview.Country": "Country or Region",
    "DDA.PackagePreview.DeviceSecurity.Confirmation": "Installing a package onto a device with Device Security enabled may result in a theft prevention alarm and device lockout.",
    "DDA.PackagePreview.DeviceSecurity.Enabled": "Device Security Is Enabled",
    "DDA.PackagePreview.DeviceSecurity.LeaveOn": "Install With Device Security",
    "DDA.PackagePreview.DeviceSecurity.TurnOff": "Disable Device Security",
    "DDA.PackagePreview.Hero": "Hero",
    "DDA.PackagePreview.Install": "Install",
    "DDA.PackagePreview.Installed": "Installed",
    "DDA.PackagePreview.NoPreviewsAvailable": "No Previews Available",
    "DDA.PackagePreview.Store": "Store",
    "DDA.PackagePreview.Title": "Previews",
    "DDA.Planogram.ManualEntry": "Having trouble? Try entering Plano ID manually.",
    "DDA.Planogram.NoAccessories": "No Accessories",
    "DDA.Planogram.NoHeroProductFound": "No Hero Product Found",
    "DDA.Planogram.Placeholder.Optional": "Optional",
    "DDA.Planogram.PlanogramID": "Plano ID",
    "DDA.Planogram.PlanoSyncAgain": "Please sync to Plano again. If the issue persists, raise a Help Central incident.",
	"DDA.Planogram.DockOrCableNotConnected": "Unable to sync to Plano",
	"DDA.Planogram.DockOrCableNotConnected.Message": "A dock or cable is not connected to the device. Reconnect to power and wait 60 seconds, then try again.",
    "DDA.Planogram.Sync.ButtonTitle": "Sync…",
    "DDA.Planogram.Sync.Instructions": "Hold Plano iPad Nearby",
    "DDA.Planogram.Sync.LoadingData": "Loading Plano Data…",
    "DDA.Planogram.Sync.ReceivedID": "Received Plano ID",
    "DDA.Planogram.Title": "Plano",
    "DDA.PlanogramFetchFailed": "Plano fetch failed",
    "DDA.Planogram.NoScreenSaverPublished": "No screen saver published for this device. Raise a Help Central incident.",
    "DDA.Planogram.UnableToRegisterExplore": "Unable to Register Explore",
    "DDA.Planogram.UnableToDownloadExploreContent": "Unable to Download Explore Content",
    "DDA.Planogram.UnableToDownloadScreenSaver": "Unable to Download Screen Saver",
    "DDA.Planogram.UnableToPlanoSync": "Unable to Sync with Plano",
    "DDA.Planogram.CST.Support.DeviceManagement": "Support: Device Management",
    "DDA.Planogram.CST.Topic.ExploreApp": "Topic: Explore App",
    "DDA.Planogram.CST.Issue.DownloadError": "Issue: Download Error",
    "DDA.Planogram.CST.Issue.ScreenSaverError": "Issue: Screen Saver",
    "DDA.Planogram.CST.Issue.UnableToSyncWithPlanoError": "Issue: Unable to Sync with Plano",
    "DDA.Prices.Error.MessageWithError": "Setup incomplete due to an error fetching prices and accessory data. Please try again and file a ticket if this continues.\n\nError: %@",
    "DDA.Prices.Error.Title": "Error Fetching Prices",
    "DDA.ProductDetails.Title": "Product Details",
    "DDA.ProductZone.Title": "Product Zone",
    "DDA.quiethours.message": "Tap to turn on the screen",
    "DDA.UserNotification.Exit.Body": "Open this app to learn about products on display and see pricing.",
    "DDA.Reconfigure.Title": "Reconfigure",
    "DDA.Retry.Title": "Retry",
    "DDA.Screensaver.AccessibilityLabel": "Tap anywhere to keep exploring",
    "DDA.SelectCountry.Title": "Select a Country or Region",
    "DDA.SelectStore.Title": "Select a location",
    "DDA.Settings.Title": "Settings",
    "DDA.Store.Region": "Region",
    "DDA.Store.Title": "Store",
    "DDA.StoreHourFetchFail.Title": "Failed to determine store hours",
    "DDA.Troubleshooting.Title": "Troubleshooting",
    "DDA.Locale.ChangeLanguage.Help": "Change Language",

    "DDX.targetDeviceHasNoLivePackages": "No Explore app content available for this product set.  Refer to Plano > Setup > Note to confirm demo device categorization and configuration details.",

    "CFBundleDisplayName": "Explore",
    "CFBundleName": "Explore",
    "NSBluetoothAlwaysUsageDescription": "This will allow “Explore” to sync with Plano and connect to Bluetooth accessories.",
    "NSCameraUsageDescription": "“Explore” requires camera access for device security.",
    "NSLocalNetworkUsageDescription": "This will allow “Explore” to sync with Plano and connect to Bluetooth accessories.",
    "NSLocationAlwaysAndWhenInUseUsageDescription": "“Explore” requires access to location services for device security.",
    "NSLocationAlwaysUsageDescription": "Always allow location services.",
    "NSLocationUsageDescription": "“Explore” requires access to location services for device security.",
    "NSLocationWhenInUseUsageDescription": "Allow location services only while using the application."
}
